number,english,Example_status,Example_surface,Example_reason,Example_gloss,Test1_status,Test1_surface,Test1_reason,Test1_gloss,Test2_status,Test2_surface,Test2_reason,Test2_gloss
1,The dog sees the cat.,ok,janni zumahittasu karinta,complete,DOG CAT:ACCUSATIVE SEE,ok,saralunbu oombudb ajasidob,complete,SEE DOG-DEF CAT:ACCUSATIVE-DEF,ok,uljashe sheunen mjasixi,complete,DOG CAT:ACCUSATIVE SEE
2,The dog saw the cat.,ok,janni zumahittasu karintahi,complete,DOG CAT:ACCUSATIVE SEE-PST,ok,tencud saralunbu oombudb ajasidob,complete,SEE-PST DOG-DEF CAT:ACCUSATIVE-DEF,ok,uljashe sheunen todou mjasixi,complete,DOG CAT:ACCUSATIVE SEE-PST
3,The dog will see the cat.,ok,janni zumahittasu udekarinta,complete,DOG CAT:ACCUSATIVE SEE-FUT,ok,saluuru saralunbu oombudb ajasidob,complete,SEE-FUT DOG-DEF CAT:ACCUSATIVE-DEF,ok,uljashe sheunen zhanliu mjasixi,complete,DOG CAT:ACCUSATIVE SEE-FUT
4,The dog did not see the cat.,ok,janni zumahittasu makarintahi samumas,complete,DOG CAT:ACCUSATIVE SEE-PST-NEG NOT,ok,tencud bui saralunbu oombudb ajasidob naud,complete,SEE-PST-NEG DOG-DEF CAT:ACCUSATIVE-DEF NOT,ok,sheubaa uljashe sheunen todou kuumonu mjasixi,complete,NOT DOG CAT:ACCUSATIVE SEE-PST-NEG
5,The dog will not see the cat.,ok,janni zumahittasu mudekarinta samumas,complete,DOG CAT:ACCUSATIVE SEE-FUT-NEG NOT,ok,saluuru bui saralunbu oombudb ajasidob naud,complete,SEE-FUT-NEG DOG-DEF CAT:ACCUSATIVE-DEF NOT,ok,sheubaa uljashe sheunen zhanliu kuumonu mjasixi,complete,NOT DOG CAT:ACCUSATIVE SEE-FUT-NEG
6,The dog sees the cats.,ok,janni zumahittasude karinta,complete,DOG CAT.PL:ACCUSATIVE SEE,ok,saralunbu oombudb buajasidob,complete,SEE DOG-DEF CAT.PL:ACCUSATIVE-DEF,ok,uljashe otasheunen mjasixi,complete,DOG CAT.PL:ACCUSATIVE SEE
7,The dogs see the cat.,ok,jannide zumahittasu karinta,complete,DOG.PL CAT:ACCUSATIVE SEE,ok,saraluntu buoambidb ajasidob,complete,SEE DOG.PL-DEF CAT:ACCUSATIVE-DEF,ok,otauljashe sheunen mjasixi,complete,DOG.PL CAT:ACCUSATIVE SEE
8,The dog sees the cat and the bird.,ok,janni zumahittasu yamasu zumawopihyu karinta,complete,DOG CAT:ACCUSATIVE AND BIRD:ACCUSATIVE SEE,ok,saralunbu oombudb ajasidob kuuirtob,complete,SEE DOG-DEF CAT:ACCUSATIVE-DEF AND BIRD:ACCUSATIVE-DEF,ok,uljashe sheunen guijen mjasixi,complete,DOG CAT:ACCUSATIVE AND BIRD:ACCUSATIVE SEE
9,The dog sees the cats and the bird.,ok,janni zumahittasude yamasu zumawopihyu karinta,complete,DOG CAT.PL:ACCUSATIVE AND BIRD:ACCUSATIVE SEE,ok,saralunbu oombudb buajasidob kuuirtob,complete,SEE DOG-DEF CAT.PL:ACCUSATIVE-DEF AND BIRD:ACCUSATIVE-DEF,ok,uljashe otasheunen guijen mjasixi,complete,DOG CAT.PL:ACCUSATIVE AND BIRD:ACCUSATIVE SEE
10,Does the dog see the cat?,ok,janni zumahittasu karinta dezu,complete,DOG CAT:ACCUSATIVE SEE Q,ok,saralunbu oombudb ajasidob mongun,complete,SEE DOG-DEF CAT:ACCUSATIVE-DEF Q,ok,sheunen mjasixi uljashe,complete,DOG CAT:ACCUSATIVE SEE Q
11,Did the dog see the cat?,ok,janni zumahittasu karintahi dezu,complete,DOG CAT:ACCUSATIVE SEE-PST Q,ok,tencud saralunbu oombudb ajasidob mongun,complete,SEE-PST DOG-DEF CAT:ACCUSATIVE-DEF Q,ok,sheunen todou mjasixi uljashe,complete,DOG CAT:ACCUSATIVE SEE-PST Q
12,Will the dog see the cat?,ok,janni zumahittasu udekarinta dezu,complete,DOG CAT:ACCUSATIVE SEE-FUT Q,ok,saluuru saralunbu oombudb ajasidob mongun,complete,SEE-FUT DOG-DEF CAT:ACCUSATIVE-DEF Q,ok,sheunen zhanliu mjasixi uljashe,complete,DOG CAT:ACCUSATIVE SEE-FUT Q
13,Is the dog happy?,ok,janni jinatta uuge dezu,complete,DOG HAPPY BE (TEMPORARY STATE) Q,ok,bolusuubu oombudb danig mongun,complete,BE (TEMPORARY STATE) DOG-DEF HAPPY Q,ok,gyemuun uluun uljashe,complete,DOG HAPPY BE (TEMPORARY STATE) Q
14,Is today Monday?,ok,goyahab botasu uuge dezu,complete,TODAY MONDAY BE (TEMPORARY STATE) Q,ok,bolusuubu coongnu yauduuy mongun,complete,BE (TEMPORARY STATE) TODAY MONDAY Q,ok,qualiao uluun yirangg,complete,TODAY MONDAY BE (TEMPORARY STATE) Q
15,Where is the dog?,ok,janni  uuge ishiyot,complete,DOG  BE (TEMPORARY STATE) WH-WHERE,ok,monainu bolusuubu oombudb,complete,BE (TEMPORARY STATE) DOG-DEF WH-WHERE,ok,uljashe  uluun cechan,complete,DOG  BE (TEMPORARY STATE) WH-WHERE
16,When will the guests arrive?,ok,ausade  udealtis antapap,complete,GUEST.PL  ARRIVE-FUT WH-WHEN,ok,oruui saluuru ebeigsitu buubalinb,complete,ARRIVE-FUT GUEST.PL-DEF WH-WHEN,ok,otauludu  zhanliu medeged qadiliu,complete,GUEST.PL  ARRIVE-FUT WH-WHEN
17,How wide is the river?,ok,bayuyos todasha uuge devinji,complete,RIVER WIDE BE (TEMPORARY STATE) DEG-WIDE WH-HOW,ok,mondun bolusuubu nuubisab qadakil,complete,BE (TEMPORARY STATE) RIVER-DEF WIDE DEG-WIDE WH-HOW,ok,wujildu naidak uluun ene,complete,RIVER WIDE BE (TEMPORARY STATE) DEG-WIDE WH-HOW
18,The dog sees the cat and the bird.,ok,janni zumahittasu yamasu zumawopihyu karinta,complete,DOG CAT:ACCUSATIVE AND BIRD:ACCUSATIVE SEE,ok,saralunbu oombudb ajasidob kuuirtob,complete,SEE DOG-DEF CAT:ACCUSATIVE-DEF AND BIRD:ACCUSATIVE-DEF,ok,uljashe sheunen guijen mjasixi,complete,DOG CAT:ACCUSATIVE AND BIRD:ACCUSATIVE SEE
19,The dog sees the cat or the bird.,ok,janni zumahittasu luporu zumawopihyu karinta,complete,DOG CAT:ACCUSATIVE OR BIRD:ACCUSATIVE SEE,ok,saralunbu oombudb ajasidob kuuirtob,complete,SEE DOG-DEF CAT:ACCUSATIVE-DEF OR BIRD:ACCUSATIVE-DEF,ok,uljashe sheunen guijen mjasixi,complete,DOG CAT:ACCUSATIVE OR BIRD:ACCUSATIVE SEE
20,The dog sees the cat and hears the bird.,ok,janni zumahittasu karinta yamasu janni zumawopihyu hyujide,complete,DOG CAT:ACCUSATIVE SEE AND DOG BIRD:ACCUSATIVE HEAR,ok,saralunbu oombudb ajasidob kuuudau kookenebu oombudb kuuirtob,complete,SEE DOG-DEF CAT:ACCUSATIVE-DEF AND HEAR DOG-DEF BIRD:ACCUSATIVE-DEF,ok,uljashe sheunen mjasixi soodurc uljashe guijen jirge,complete,DOG CAT:ACCUSATIVE SEE AND DOG BIRD:ACCUSATIVE HEAR
21,The dog saw the cat and heard the bird.,ok,janni zumahittasu karintahi yamasu janni zumawopihyu hyujidehi,complete,DOG CAT:ACCUSATIVE SEE-PST AND DOG BIRD:ACCUSATIVE HEAR-PST,ok,tencud saralunbu oombudb ajasidob kuuudau tencud kookenebu oombudb kuuirtob,complete,SEE-PST DOG-DEF CAT:ACCUSATIVE-DEF AND HEAR-PST DOG-DEF BIRD:ACCUSATIVE-DEF,ok,uljashe sheunen todou mjasixi soodurc uljashe guijen todou jirge,complete,DOG CAT:ACCUSATIVE SEE-PST AND DOG BIRD:ACCUSATIVE HEAR-PST
22,The dog sees the cat but hears the bird.,ok,janni zumahittasu karinta hia janni zumawopihyu hyujide,complete,DOG CAT:ACCUSATIVE SEE BUT DOG BIRD:ACCUSATIVE HEAR,ok,saralunbu oombudb ajasidob aunudi kookenebu oombudb kuuirtob,complete,SEE DOG-DEF CAT:ACCUSATIVE-DEF BUT HEAR DOG-DEF BIRD:ACCUSATIVE-DEF,ok,uljashe sheunen mjasixi sig uljashe guijen jirge,complete,DOG CAT:ACCUSATIVE SEE BUT DOG BIRD:ACCUSATIVE HEAR
23,"The dog sees the cat, and the bird sees the dog.",ok,janni zumahittasu karinta wopihyu zumajanni karinta,complete,DOG CAT:ACCUSATIVE SEE AND BIRD DOG:ACCUSATIVE SEE,ok,saralunbu oombudb ajasidob kuuudau saralunbu kuuirtub oombudob,complete,SEE DOG-DEF CAT:ACCUSATIVE-DEF AND SEE BIRD-DEF DOG:ACCUSATIVE-DEF,ok,uljashe sheunen mjasixi guij uljasheen mjasixi,complete,DOG CAT:ACCUSATIVE SEE AND BIRD DOG:ACCUSATIVE SEE
24,John and Elizabeth are friends.,partial,[PARTIAL],recognized construction not yet fully realized,[PARTIAL],partial,[PARTIAL],recognized construction not yet fully realized,[PARTIAL],partial,[PARTIAL],recognized construction not yet fully realized,[PARTIAL]
25,The dog is small but strong.,ok,janni jijocho hia apyogyo uuge,complete,DOG SMALL BUT STRONG BE (TEMPORARY STATE),ok,bolusuubu oombudb jincuu aunudi mongleg,complete,BE (TEMPORARY STATE) DOG-DEF SMALL BUT STRONG,ok,uljashe wujuuba sig qubang uluun,complete,DOG SMALL BUT STRONG BE (TEMPORARY STATE)
26,The crow dropped pebbles and raised water.,ok,momasum zumedattede depyapuhi yamasu momasum zumautara sopyuhi,complete,CROW PEBBLE.PL:ACCUSATIVE DROP-PST AND CROW WATER:ACCUSATIVE RAISE-PST,ok,tencud qangkeibu bergengb buaraino kuuudau tencud bailasubu bergengb joorongo,complete,DROP-PST CROW-DEF PEBBLE.PL:ACCUSATIVE AND RAISE-PST CROW-DEF WATER:ACCUSATIVE,ok,naou otabangyeken todou boluun soodurc naou boyanen todou cinutul,complete,CROW PEBBLE.PL:ACCUSATIVE DROP-PST AND CROW WATER:ACCUSATIVE RAISE-PST
27,"I awoke early, dressed hastily, and went to breakfast.",ok,adatte gabyahi hodabya yamasu adatte seyawo pyujita yamasu adatte hyanohi bonsilizen bomasu,complete,1SG  AWAKE-PST EARLY AND 1SG  DRESSED HASTY AND 1SG  GO-PST TO BREAKFAST:LOCATIVE,ok,tencud jaulal usaiqan nabcins kuuudau mookilal usaiqan sarun kuuudau tencud ebual usaiqan kemuula uugsen,complete,AWAKE-PST 1SG EARLY AND DRESSED 1SG HASTY AND GO-PST 1SG TO BREAKFAST,ok,wekiyas zaoyang todou kooruhu soodurc buurgi zaoyang laidur soodurc zaoyang todou baiji kuan pekab,complete,EARLY 1SG  AWAKE-PST AND HASTY 1SG  DRESSED AND 1SG  GO-PST TO BREAKFAST
28,See the cat.,ok,sukarinta zumahittasu,complete,SEE-IMP CAT:ACCUSATIVE,ok,saralunde ajasidob,complete,SEE-IMP CAT:ACCUSATIVE-DEF,ok,mjasiximut sheunen,complete,SEE-IMP CAT:ACCUSATIVE
29,Do not see the cat.,ok,masuhogyaji sod zumahittasu,complete,DO-IMP-NEG SEE CAT:ACCUSATIVE,ok,bui yekede ajasido buiturt,complete,DO-IMP-NEG CAT:ACCUSATIVE SEE,ok,kuumonu oruurmut kejiai sheunen,complete,DO-IMP-NEG SEE CAT:ACCUSATIVE
30,Take the note and wait.,ok,suowatak zumitte yamasu sujudata,complete,TAKE-IMP NOTE:ACCUSATIVE AND WAIT-IMP,ok,totande tanighob kuuudau sabundbu,complete,TAKE-IMP NOTE:ACCUSATIVE-DEF AND WAIT-IMP,ok,yingonmut zhiranen soodurc eriyimut,complete,TAKE-IMP NOTE:ACCUSATIVE AND WAIT-IMP
31,"Take this note, carry it to your mother, and wait for an answer.",ok,suowatak rosoo zumitte yamasu sukamashi hitou altapijudic sokamasazen bomasu yamasu sujudata tsuzen woutte,complete,TAKE-IMP PROXIMAL_SINGULAR NOTE:ACCUSATIVE AND CARRY-IMP 3SG TO 2SG-GEN MOTHER:LOCATIVE AND WAIT-IMP FOR ANSWER:LOCATIVE,ok,totande aaca tanigho kuuudau ooroljidbu irtinut kemuula buuguuj qaicako kuuudau sabundbu gedbuuk bitalte,complete,TAKE-IMP PROXIMAL_SINGULAR NOTE:ACCUSATIVE AND CARRY-IMP 3SG TO 2SG-GEN MOTHER AND WAIT-IMP FOR ANSWER,ok,yingonmut daqob zhiranen soodurc alaimut shuno menged cilig pekab soodurc eriyimut daqoici lakili,complete,TAKE-IMP PROXIMAL_SINGULAR NOTE:ACCUSATIVE AND CARRY-IMP 3SG TO 2SG-GEN MOTHER AND WAIT-IMP FOR ANSWER
32,Be happy.,ok,suuuge jinatta,complete,BE (TEMPORARY STATE)-IMP HAPPY,ok,bolusuude danig,complete,BE (TEMPORARY STATE)-IMP HAPPY,ok,uluunmut gyemuun,complete,BE (TEMPORARY STATE)-IMP HAPPY
33,The girl sees the doll.,ok,colevit zumakeao karinta,complete,GIRL DOLL:ACCUSATIVE SEE,ok,saralunbu uluujerb daraulob,complete,SEE GIRL-DEF DOLL:ACCUSATIVE-DEF,ok,shuodu kuhaen mjasixi,complete,GIRL DOLL:ACCUSATIVE SEE
34,The girl sees the doll's dress.,ok,colevit altaltakeao zumamuntsu karinta,complete,GIRL DOLL:GENITIVE-GEN DRESS:ACCUSATIVE SEE,ok,saralunbu uluujerb demuob daraulakoko,complete,SEE GIRL-DEF DOLL:GENITIVE-GEN DRESS:ACCUSATIVE-DEF,ok,shuodu kuha uuminilen mjasixi,complete,GIRL DOLL-GEN DRESS:ACCUSATIVE SEE
35,The little girl made the doll's dress herself.,ok,yokunta colevit altaltakeao zumamuntsu nyuzumahi,complete,LITTLE GIRL DOLL:GENITIVE-GEN DRESS:ACCUSATIVE MAKE-PST,ok,tencud silduabu uluujerb qoljime demuob daraulakoko,complete,MAKE-PST GIRL-DEF LITTLE DOLL:GENITIVE-GEN DRESS:ACCUSATIVE-DEF,ok,idas shuodu kuha uuminilen todou nuturiq,complete,LITTLE GIRL DOLL-GEN DRESS:ACCUSATIVE MAKE-PST
36,The dog sees its house.,ok,janni altahitou zumazattaki karinta,complete,DOG 3SG-GEN HOUSE:ACCUSATIVE SEE,ok,saralunbu oombudb yongjo irtinutko,complete,SEE DOG-DEF 3SG-GEN HOUSE:ACCUSATIVE,ok,uljashe shuno guuludien mjasixi,complete,DOG 3SG-GEN HOUSE:ACCUSATIVE SEE
37,The man sees his dog.,ok,anchita altahitou zumajanni karinta,complete,MAN 3SG-GEN DOG:ACCUSATIVE SEE,ok,saralunbu ouluujub oombudo irtinutko,complete,SEE MAN-DEF 3SG-GEN DOG:ACCUSATIVE,ok,alaruod shuno uljasheen mjasixi,complete,MAN 3SG-GEN DOG:ACCUSATIVE SEE
38,The dog sees the cat.,ok,janni zumahittasu karinta,complete,DOG CAT:ACCUSATIVE SEE,ok,saralunbu oombudb ajasidob,complete,SEE DOG-DEF CAT:ACCUSATIVE-DEF,ok,uljashe sheunen mjasixi,complete,DOG CAT:ACCUSATIVE SEE
39,The small dog sees the cat.,ok,jijocho janni zumahittasu karinta,complete,SMALL DOG CAT:ACCUSATIVE SEE,ok,saralunbu oombudb jincuu ajasidob,complete,SEE DOG-DEF SMALL CAT:ACCUSATIVE-DEF,ok,wujuuba uljashe sheunen mjasixi,complete,SMALL DOG CAT:ACCUSATIVE SEE
40,The dog sees the small cat.,ok,janni jijocho zumahittasu karinta,complete,DOG SMALL CAT:ACCUSATIVE SEE,ok,saralunbu oombudb ajasidob jincuu,complete,SEE DOG-DEF CAT:ACCUSATIVE-DEF SMALL,ok,uljashe wujuuba sheunen mjasixi,complete,DOG SMALL CAT:ACCUSATIVE SEE
41,The dog sees the cat in the house.,ok,janni zumahittasu karinta zattakizen kyogemy,complete,DOG CAT:ACCUSATIVE SEE IN HOUSE:LOCATIVE,ok,saralunbu oombudb ajasidob maralua yongjub,complete,SEE DOG-DEF CAT:ACCUSATIVE-DEF IN HOUSE-DEF,ok,uljashe sheunen mjasixi guuludi otu,complete,DOG CAT:ACCUSATIVE SEE IN HOUSE
42,The old man with a stick stood beside the fence.,ok,monyuzu anchita zumoopyom kagyuma netozen zutsu,complete,old man.NOM stand.ACC STICK BESIDE fence.LOC,ok,odujubu ouluuju matariu orusundo olon orolanb,complete,STICK man.NOM old stand.ACC BESIDE fence.LOC-DEF,ok,bangei alaruod desengeen uural joori ladu,complete,old man.NOM stand.ACC STICK BESIDE fence.LOC
43,On a sunny morning we started for the mountains.,partial,[PARTIAL],recognized construction not yet fully realized,[PARTIAL],partial,[PARTIAL],recognized construction not yet fully realized,[PARTIAL],partial,[PARTIAL],recognized construction not yet fully realized,[PARTIAL]
44,The girls with wreaths of flowers danced.,ok,colevitade yodatedezen semasidezen hiyopyu zaku  yahyucahi,complete,GIRL.PL WITH WREATH.PL:LOCATIVE OF FLOWER.PL:LOCATIVE  DANCE-PST,ok,tencud cioobcimatu buulaijerb jegdele buusairkuu yuuilun buudali,complete,DANCE-PST GIRL.PL-DEF WITH WREATH.PL OF FLOWER.PL,ok,otashuodu otaboruutu otaodoui bicildu gumdra  todou dangalja,complete,GIRL.PL WITH WREATH.PL OF FLOWER.PL  DANCE-PST
45,The sun looked through the branches.,ok,datta  karisejahi ukudezen shisqui,complete,SUN  LOOK-PST THROUGH BRANCH.PL:LOCATIVE,ok,tencud balanbu dasuugib uunid buorailenb,complete,LOOK-PST SUN-DEF THROUGH BRANCH.PL-DEF,ok,bannait  todou dalal otabohe qalaii,complete,SUN  LOOK-PST THROUGH BRANCH.PL
46,The dog sees the cat.,ok,janni zumahittasu karinta,complete,DOG CAT:ACCUSATIVE SEE,ok,saralunbu oombudb ajasidob,complete,SEE DOG-DEF CAT:ACCUSATIVE-DEF,ok,uljashe sheunen mjasixi,complete,DOG CAT:ACCUSATIVE SEE
47,The dog is seeing the cat.,ok,janni zumahittasu wamakarinta,complete,DOG CAT:ACCUSATIVE SEE-PROG,ok,usarilunbu oombudb ajasidob,complete,SEE-PROG DOG-DEF CAT:ACCUSATIVE-DEF,ok,uljashe sheunen mjasixis,complete,DOG CAT:ACCUSATIVE SEE-PROG
48,The dog has seen the cat.,ok,janni zumahittasu usarise karinta,complete,DOG CAT:ACCUSATIVE SEE-PERF,ok,saralunotubu oombudb ajasidob,complete,SEE-PERF DOG-DEF CAT:ACCUSATIVE-DEF,ok,uljashe sheunen kmjasixi,complete,DOG CAT:ACCUSATIVE SEE-PERF
49,The dog has been seeing the cat.,ok,janni zumahittasu usarise wamakarinta,complete,DOG CAT:ACCUSATIVE SEE-PROG-PERF,ok,usarilunbotu oombudb ajasidob,complete,SEE-PROG-PERF DOG-DEF CAT:ACCUSATIVE-DEF,ok,uljashe sheunen kmjasixis,complete,DOG CAT:ACCUSATIVE SEE-PROG-PERF
50,The dog was seeing the cat.,ok,janni zumahittasu wamakarintahi,complete,DOG CAT:ACCUSATIVE SEE-PST-PROG,ok,tencud usarilunbu oombudb ajasidob,complete,SEE-PST-PROG DOG-DEF CAT:ACCUSATIVE-DEF,ok,uljashe sheunen todou mjasixis,complete,DOG CAT:ACCUSATIVE SEE-PST-PROG
51,The dog can see the cat.,ok,janni zumahittasu biteheg karinta,complete,DOG CAT:ACCUSATIVE SEE-MOD,ok,obarani saralunbu oombudb ajasidob,complete,SEE-MOD DOG-DEF CAT:ACCUSATIVE-DEF,ok,uljashe sheunen talriya mjasixi,complete,DOG CAT:ACCUSATIVE SEE-MOD
52,The dog must see the cat.,ok,janni zumahittasu tsuarim karinta,complete,DOG CAT:ACCUSATIVE SEE-MOD,ok,orinski saralunbu oombudb ajasidob,complete,SEE-MOD DOG-DEF CAT:ACCUSATIVE-DEF,ok,uljashe sheunen laralmo mjasixi,complete,DOG CAT:ACCUSATIVE SEE-MOD
53,The dog should see the cat.,ok,janni zumahittasu tsuarim karinta,complete,DOG CAT:ACCUSATIVE SEE-MOD,ok,orinski saralunbu oombudb ajasidob,complete,SEE-MOD DOG-DEF CAT:ACCUSATIVE-DEF,ok,uljashe sheunen laralmo mjasixi,complete,DOG CAT:ACCUSATIVE SEE-MOD
54,The dog might see the cat.,ok,janni zumahittasu futsu karinta,complete,DOG CAT:ACCUSATIVE SEE-MOD,ok,yeeceni saralunbu oombudb ajasidob,complete,SEE-MOD DOG-DEF CAT:ACCUSATIVE-DEF,ok,uljashe sheunen shanzho mjasixi,complete,DOG CAT:ACCUSATIVE SEE-MOD
55,Will you go with us or wait here?,ok,pijudic udehyano zahasu zaku luporu pijudic judata nihange dezu,complete,2SG  GO-FUT WITH 1PL OR 2SG  WAIT HERE Q,ok,saluuru ebue qaica jegdele daligur qoni sabune qaica nuten mongun,complete,GO-FUT 2SG WITH 1PL OR WAIT 2SG HERE Q,ok,zhanliu baiji otoo gumdra gumdalj jianjii menged eriyi menged,complete,2SG  GO-FUT WITH 1PL OR HERE 2SG  WAIT Q
56,The dog is big.,ok,janni yojizoz uuge,complete,DOG BIG BE (TEMPORARY STATE),ok,bolusuubu oombudb casuumu,complete,BE (TEMPORARY STATE) DOG-DEF BIG,ok,uljashe che uluun,complete,DOG BIG BE (TEMPORARY STATE)
57,The dog is bigger than the cat.,ok,janni desopyo yojizoz uuge desopyo hittasu,complete,DOG BIG-COMP BE (TEMPORARY STATE) COMP-STD CAT,ok,bolusuubu oombudb micasiumu berisai ajasidb,complete,BE (TEMPORARY STATE) DOG-DEF BIG-COMP COMP-STD CAT-DEF,ok,uljashe kuhun che uluun kuhun sheun,complete,DOG BIG-COMP BE (TEMPORARY STATE) COMP-STD CAT
58,The dog is the biggest.,ok,janni nyumumu yojizoz uuge,complete,DOG BIG-SUPER BE (TEMPORARY STATE),ok,bolusuubu oombudb scasiumu,complete,BE (TEMPORARY STATE) DOG-DEF BIG-SUPER,ok,uljashe wang che uluun,complete,DOG BIG-SUPER BE (TEMPORARY STATE)
59,Do you like summer or winter better?,partial,[PARTIAL],"not realized: better, comparison",2SG SUMMER:ACCUSATIVE OR WINTER:ACCUSATIVE LIKE Q,partial,[PARTIAL],"not realized: better, comparison",LIKE 2SG SUMMER:ACCUSATIVE OR WINTER:ACCUSATIVE Q,partial,[PARTIAL],"not realized: better, comparison",2SG SUMMER:ACCUSATIVE OR WINTER:ACCUSATIVE LIKE Q
60,The days grow shorter.,ok,fatade desopyo gihench bekoto,complete,DAY.PL SHORT-COMP GROW,ok,erimalatu buumaib mitadimen,complete,GROW DAY.PL-DEF SHORT-COMP,ok,otabaa kuhun banmnu qangumu,complete,DAY.PL SHORT-COMP GROW
61,The dog sees the cat because the cat is small.,ok,chitako hittasu jijocho uuge janni zumahittasu karinta,complete,CAUSE CAT SMALL BE (TEMPORARY STATE) DOG CAT:ACCUSATIVE SEE,ok,saralunbu oombudb ajasidob ebeled bolusuubu ajasidb jincuu,complete,SEE DOG-DEF CAT:ACCUSATIVE-DEF CAUSE BE (TEMPORARY STATE) CAT-DEF SMALL,ok,tngoosa sheun wujuuba uluun uljashe sheunen mjasixi,complete,CAUSE CAT SMALL BE (TEMPORARY STATE) DOG CAT:ACCUSATIVE SEE
62,"If the dog sees the cat, the bird will fly.",unsupported-grammar,[UNRESOLVED],unsupported construction: conditional_clause,[UNRESOLVED],unsupported-grammar,[UNRESOLVED],unsupported construction: conditional_clause,[UNRESOLVED],unsupported-grammar,[UNRESOLVED],unsupported construction: conditional_clause,[UNRESOLVED]
63,The dog that sees the cat is happy.,unsupported-grammar,[UNRESOLVED],unsupported construction: relative_clause,[UNRESOLVED],unsupported-grammar,[UNRESOLVED],unsupported construction: relative_clause,[UNRESOLVED],unsupported-grammar,[UNRESOLVED],unsupported construction: relative_clause,[UNRESOLVED]
64,I know that the dog sees the cat.,unsupported-grammar,[UNRESOLVED],unsupported construction: complement_clause,[UNRESOLVED],unsupported-grammar,[UNRESOLVED],unsupported construction: complement_clause,[UNRESOLVED],unsupported-grammar,[UNRESOLVED],unsupported construction: complement_clause,[UNRESOLVED]
65,The cat was seen by the dog.,unsupported-grammar,[UNRESOLVED],unsupported construction: passive,[UNRESOLVED],unsupported-grammar,[UNRESOLVED],unsupported construction: passive,[UNRESOLVED],unsupported-grammar,[UNRESOLVED],unsupported construction: passive,[UNRESOLVED]
66,Aha! I have caught you!,partial,[PARTIAL],recognized construction not yet fully realized,[PARTIAL],partial,[PARTIAL],recognized construction not yet fully realized,[PARTIAL],partial,[PARTIAL],recognized construction not yet fully realized,[PARTIAL]
67,Alas! That news is sad.,partial,[PARTIAL],not realized: alas,NEWS.PL SAD BE (TEMPORARY STATE) THAT,partial,[PARTIAL],not realized: alas,BE (TEMPORARY STATE) NEWS.PL SAD THAT,partial,[PARTIAL],not realized: alas,THAT NEWS.PL SAD BE (TEMPORARY STATE)
68,Oh dear! The wind has blown my hat away!,partial,[PARTIAL],"not realized: oh, dear",WIND 1SG-GEN HAT:ACCUSATIVE BLOW-PERF AWAY,partial,[PARTIAL],"not realized: oh, dear",BLOW-PERF WIND 1SG-GEN HAT:ACCUSATIVE AWAY,partial,[PARTIAL],"not realized: oh, dear",WIND 1SG-GEN HAT:ACCUSATIVE BLOW-PERF AWAY
69,"Madam, I will obey your command.",partial,[PARTIAL],recognized construction not yet fully realized,[PARTIAL],partial,[PARTIAL],recognized construction not yet fully realized,[PARTIAL],partial,[PARTIAL],recognized construction not yet fully realized,[PARTIAL]
70,"Show the guests these shells, my son.",ok,sugatta sakyuma cenyawo aus zumatowa,complete,SHOW-IMP THESE SHELL GUEST SON:ACCUSATIVE,ok,moorde uruqura taljuugob bolon narbert,complete,SHOW-IMP THESE SON:ACCUSATIVE-DEF GUEST SHELL,ok,ubimacimut auljali bingong uludu celeken,complete,SHOW-IMP THESE SHELL GUEST SON:ACCUSATIVE
71,The dog sees the cat.,ok,janni zumahittasu karinta,complete,DOG CAT:ACCUSATIVE SEE,ok,saralunbu oombudb ajasidob,complete,SEE DOG-DEF CAT:ACCUSATIVE-DEF,ok,uljashe sheunen mjasixi,complete,DOG CAT:ACCUSATIVE SEE
72,The dog does not see the cat.,ok,janni zumahittasu makarinta samumas,complete,DOG CAT:ACCUSATIVE SEE-NEG NOT,ok,bui saralunbu oombudb ajasidob naud,complete,SEE-NEG DOG-DEF CAT:ACCUSATIVE-DEF NOT,ok,sheubaa uljashe sheunen kuumonu mjasixi,complete,NOT DOG CAT:ACCUSATIVE SEE-NEG
73,The dog never sees the cat.,ok,janni zumahittasu makarinta sochito,complete,DOG CAT:ACCUSATIVE SEE-NEG NEVER,ok,bui saralunbu oombudb ajasidob prosu,complete,SEE-NEG DOG-DEF CAT:ACCUSATIVE-DEF NEVER,ok,bay uljashe sheunen kuumonu mjasixi,complete,NEVER DOG CAT:ACCUSATIVE SEE-NEG
74,The dog sees no cat.,ok,janni zumahittasu karinta,complete,DOG CAT:ACCUSATIVE SEE,ok,saralunbu oombudb ajasido,complete,SEE DOG-DEF CAT:ACCUSATIVE,ok,uljashe sheunen mjasixi,complete,DOG CAT:ACCUSATIVE SEE
75,The dog sees nothing.,ok,janni shizoma karinta,complete,DOG NOTHING-NEG.INDEF SEE,ok,saralunbu oombudb saasani,complete,SEE DOG-DEF NOTHING-NEG.INDEF,ok,uljashe darangz mjasixi,complete,DOG NOTHING-NEG.INDEF SEE
76,The cat sees the dog.,ok,hittasu zumajanni karinta,complete,CAT DOG:ACCUSATIVE SEE,ok,saralunbu ajasidb oombudob,complete,SEE CAT-DEF DOG:ACCUSATIVE-DEF,ok,sheun uljasheen mjasixi,complete,CAT DOG:ACCUSATIVE SEE
77,The dog sees the cat.,ok,janni zumahittasu karinta,complete,DOG CAT:ACCUSATIVE SEE,ok,saralunbu oombudb ajasidob,complete,SEE DOG-DEF CAT:ACCUSATIVE-DEF,ok,uljashe sheunen mjasixi,complete,DOG CAT:ACCUSATIVE SEE
78,The girl gives the boy a book.,ok,colevit yojiish zumahyantte nyopet,complete,GIRL BOY BOOK:ACCUSATIVE GIVE,ok,ondelgibu uluujerb uugedob uusan,complete,GIVE GIRL-DEF BOOK:ACCUSATIVE-DEF BOY,ok,shuodu boboriy toruumien deban,complete,GIRL BOY BOOK:ACCUSATIVE GIVE
79,The girl gives a book to the boy.,ok,colevit zumahyantte nyopet yojiishazen bomasu,complete,GIRL BOOK:ACCUSATIVE GIVE TO BOY:LOCATIVE,ok,ondelgibu uluujerb uugedo kemuula uusanb,complete,GIVE GIRL-DEF BOOK:ACCUSATIVE TO BOY-DEF,ok,shuodu toruumien deban boboriy pekab,complete,GIRL BOOK:ACCUSATIVE GIVE TO BOY
80,The man stood beside the fence.,ok,anchita  kandehi netozen zutsu,complete,MAN  STAND-PST BESIDE FENCE:LOCATIVE,ok,tencud minuturbu ouluujub olon orolanb,complete,STAND-PST MAN-DEF BESIDE FENCE-DEF,ok,alaruod  todou baldu joori ladu,complete,MAN  STAND-PST BESIDE FENCE
