full_name,personal_name,family_name,meaning,formula,personal_generation,family_source_forms
Modattect Anar Dosupanchita,Modattect Anar,Dosupanchita,death man,death+man,modattect+anar,dosup+anchita
Zaridicip Sotten Sedessekaganakiwanakuer,Zaridicip Sotten,Sedessekaganakiwanakuer,white robe wizard,white+robe+wizard,zaridicip+sotten,sedesse+kaga+nakiwanakuer
Mongutsu Byojas Kyazogomettakotoshu,Mongutsu Byojas,Kyazogomettakotoshu,blind dwarf mountain,blind+dwarf+mountain,mongutsu+byojas,kyazo+gomett+kotoshu
Buru Gozuwo Sedomasahobuseranakiwanakuer,Buru Gozuwo,Sedomasahobuseranakiwanakuer,three eye wizard,three+eye+wizard,buru+gozuwo,sedomas+hobuser+nakiwanakuer
Domyaho Daso Hitteisamonyoma,Domyaho Daso,Hitteisamonyoma,dragon toe,dragon+toe,domyaho+daso,hitteis+monyoma
Zunta Pomyatata Hittasuhezemas,Zunta Pomyatata,Hittasuhezemas,cat soldier,cat+soldier,zunta+pomyatata,hittasu+hezemas
Wahero Hyumas Byobyutahittasu,Wahero Hyumas,Byobyutahittasu,silver cat,silver+cat,wahero+hyumas,byobyut+hittasu
Sanj Jiteru Uruhooubanuae,Sanj Jiteru,Uruhooubanuae,jewel eel,jewel+eel,sanj+jiteru,uruhoo+ubanuae
Gyuruhemy Ade Kotoshuzattaki,Gyuruhemy Ade,Kotoshuzattaki,mountain house,mountain+house,gyuruhemy+ade,kotoshu+zattaki
Jid Ryopyamas Atokotoshu,Jid Ryopyamas,Atokotoshu,demon mountain,demon+mountain,jid+ryopyamas,ato+kotoshu
Nakiyu Kishu Hamasiuru,Nakiyu Kishu,Hamasiuru,blood hand,blood+hand,nakiyu+kishu,hamasi+uru
Karette Desu Yadageheika,Karette Desu,Yadageheika,angel seed,angel+seed,karette+desu,yad+geheika
Hyofumyoh Dar Juhotomyotte,Hyofumyoh Dar,Juhotomyotte,rat kin,rat+kin,hyofumyoh+dar,juhoto+myotte
Zet Hodesediu Tomasutabara,Zet Hodesediu,Tomasutabara,red gem,red+gem,zet+hodesediu,tomasut+bara
Anma Arimyu Arepenyumumu,Anma Arimyu,Arepenyumumu,iron monkey,iron+monkey,anma+arimyu,arepe+nyumumu
Nai Nakikana Sedomasabokinat,Nai Nakikana,Sedomasabokinat,three orchard,three+orchard,nai+nakikana,sedomas+bokinat
Ukuhowawa Tsu Nohegemahobuser,Ukuhowawa Tsu,Nohegemahobuser,moon eye,moon+eye,ukuhowawa+tsu,nohegem+hobuser
Hodontane Nari Kotoshumono,Hodontane Nari,Kotoshumono,mountain altar,mountain+altar,hodontane+nari,kotoshu+mono
Monmasohi Monr Zewojasen,Monmasohi Monr,Zewojasen,horse lord,horse+lord,monmasohi+monr,zewoja+sen
Hapyumasu Dasi Izumonoizuru,Hapyumasu Dasi,Izumonoizuru,two shadow,two+shadow,hapyumasu+dasi,izumono+izuru
Bada Aninaku Semasiohesu,Bada Aninaku,Semasiohesu,flower lake,flower+lake,bada+aninaku,semasi+ohesu
Shi Sozoruh Monaibayuyos,Shi Sozoruh,Monaibayuyos,opal river,opal+river,shi+sozoruh,monai+bayuyos
Wag Hahanbucu Nohegemantozuer,Wag Hahanbucu,Nohegemantozuer,moon hunter,moon+hunter,wag+hahanbucu,nohegem+ntozuer
Jaho Obyajiyam Deshitomyanobayuyos,Jaho Obyajiyam,Deshitomyanobayuyos,blue snake river,blue+snake+river,jaho+obyajiyam,deshito+myano+bayuyos
Teboa Byu Bayuyosageheika,Teboa Byu,Bayuyosageheika,river seed,river+seed,teboa+byu,bayuyos+geheika
